,name,affiliations,author_id,cited_by,interests
0,David La Barbera,Università Degli Studi Di Udine,MvN8wKEAAAAJ,139,"[{'title': 'Computer Science', 'serpapi_link': 'https://serpapi.com/search.json?engine=google_scholar_profiles&hl=en&mauthors=label%3Acomputer_science', 'link': 'https://scholar.google.com/citations?hl=en&view_op=search_authors&mauthors=label:computer_science'}]"
1,Michael Soprano,Postdoctoral Research Fellow at the University of Udine,ocK0qRUAAAAJ,210,"[{'title': 'Computer Science', 'serpapi_link': 'https://serpapi.com/search.json?engine=google_scholar_profiles&hl=en&mauthors=label%3Acomputer_science', 'link': 'https://scholar.google.com/citations?hl=en&view_op=search_authors&mauthors=label:computer_science'}, {'title': 'Crowdsourcing', 'serpapi_link': 'https://serpapi.com/search.json?engine=google_scholar_profiles&hl=en&mauthors=label%3Acrowdsourcing', 'link': 'https://scholar.google.com/citations?hl=en&view_op=search_authors&mauthors=label:crowdsourcing'}]"
2,Kevin Roitero,University of Udine,1xd52jMAAAAJ,690,"[{'title': 'Artificial Intelligence', 'serpapi_link': 'https://serpapi.com/search.json?engine=google_scholar_profiles&hl=en&mauthors=label%3Aartificial_intelligence', 'link': 'https://scholar.google.com/citations?hl=en&view_op=search_authors&mauthors=label:artificial_intelligence'}, {'title': 'Crowdsourcing and Human Computation', 'serpapi_link': 'https://serpapi.com/search.json?engine=google_scholar_profiles&hl=en&mauthors=label%3Acrowdsourcing_and_human_computation', 'link': 'https://scholar.google.com/citations?hl=en&view_op=search_authors&mauthors=label:crowdsourcing_and_human_computation'}, {'title': 'Information Retrieval', 'serpapi_link': 'https://serpapi.com/search.json?engine=google_scholar_profiles&hl=en&mauthors=label%3Ainformation_retrieval', 'link': 'https://scholar.google.com/citations?hl=en&view_op=search_authors&mauthors=label:information_retrieval'}]"
3,Stefano Mizzaro,Full professor of Computer Science and Information Technology,2wvJC6IAAAAJ,4739,"[{'title': 'Information retrieval', 'serpapi_link': 'https://serpapi.com/search.json?engine=google_scholar_profiles&hl=en&mauthors=label%3Ainformation_retrieval', 'link': 'https://scholar.google.com/citations?hl=en&view_op=search_authors&mauthors=label:information_retrieval'}, {'title': 'mobile systems', 'serpapi_link': 'https://serpapi.com/search.json?engine=google_scholar_profiles&hl=en&mauthors=label%3Amobile_systems', 'link': 'https://scholar.google.com/citations?hl=en&view_op=search_authors&mauthors=label:mobile_systems'}, {'title': 'scholarly publishing', 'serpapi_link': 'https://serpapi.com/search.json?engine=google_scholar_profiles&hl=en&mauthors=label%3Ascholarly_publishing', 'link': 'https://scholar.google.com/citations?hl=en&view_op=search_authors&mauthors=label:scholarly_publishing'}, {'title': 'crowdsourcing', 'serpapi_link': 'https://serpapi.com/search.json?engine=google_scholar_profiles&hl=en&mauthors=label%3Acrowdsourcing', 'link': 'https://scholar.google.com/citations?hl=en&view_op=search_authors&mauthors=label:crowdsourcing'}, {'title': 'misinformation and fake news detection', 'serpapi_link': 'https://serpapi.com/search.json?engine=google_scholar_profiles&hl=en&mauthors=label%3Amisinformation_and_fake_news_detection', 'link': 'https://scholar.google.com/citations?hl=en&view_op=search_authors&mauthors=label:misinformation_and_fake_news_detection'}]"
4,Damiano Spina,"School of Computing Technologies, RMIT University",sLzYrNYAAAAJ,2483,"[{'title': 'Information Retrieval', 'serpapi_link': 'https://serpapi.com/search.json?engine=google_scholar_profiles&hl=en&mauthors=label%3Ainformation_retrieval', 'link': 'https://scholar.google.com/citations?hl=en&view_op=search_authors&mauthors=label:information_retrieval'}, {'title': 'Text Analytics', 'serpapi_link': 'https://serpapi.com/search.json?engine=google_scholar_profiles&hl=en&mauthors=label%3Atext_analytics', 'link': 'https://scholar.google.com/citations?hl=en&view_op=search_authors&mauthors=label:text_analytics'}, {'title': 'Data Science', 'serpapi_link': 'https://serpapi.com/search.json?engine=google_scholar_profiles&hl=en&mauthors=label%3Adata_science', 'link': 'https://scholar.google.com/citations?hl=en&view_op=search_authors&mauthors=label:data_science'}, {'title': 'Evaluation', 'serpapi_link': 'https://serpapi.com/search.json?engine=google_scholar_profiles&hl=en&mauthors=label%3Aevaluation', 'link': 'https://scholar.google.com/citations?hl=en&view_op=search_authors&mauthors=label:evaluation'}, {'title': 'Human-AI Fact-checking', 'serpapi_link': 'https://serpapi.com/search.json?engine=google_scholar_profiles&hl=en&mauthors=label%3Ahuman_ai_fact_checking', 'link': 'https://scholar.google.com/citations?hl=en&view_op=search_authors&mauthors=label:human_ai_fact_checking'}]"
5,Gianluca Demartini,Associate Professor at the University of Queensland,PCAiILsAAAAJ,5348,"[{'title': 'Information Retrieval', 'serpapi_link': 'https://serpapi.com/search.json?engine=google_scholar_profiles&hl=en&mauthors=label%3Ainformation_retrieval', 'link': 'https://scholar.google.com/citations?hl=en&view_op=search_authors&mauthors=label:information_retrieval'}, {'title': 'Semantic Web', 'serpapi_link': 'https://serpapi.com/search.json?engine=google_scholar_profiles&hl=en&mauthors=label%3Asemantic_web', 'link': 'https://scholar.google.com/citations?hl=en&view_op=search_authors&mauthors=label:semantic_web'}, {'title': 'Human Computation', 'serpapi_link': 'https://serpapi.com/search.json?engine=google_scholar_profiles&hl=en&mauthors=label%3Ahuman_computation', 'link': 'https://scholar.google.com/citations?hl=en&view_op=search_authors&mauthors=label:human_computation'}, {'title': 'Crowdsourcing', 'serpapi_link': 'https://serpapi.com/search.json?engine=google_scholar_profiles&hl=en&mauthors=label%3Acrowdsourcing', 'link': 'https://scholar.google.com/citations?hl=en&view_op=search_authors&mauthors=label:crowdsourcing'}]"
6,Eddy Maddalena,"Università degli Studi di Udine, Italy",egHDpFkAAAAJ,553,"[{'title': 'Information Retrieval', 'serpapi_link': 'https://serpapi.com/search.json?engine=google_scholar_profiles&hl=en&mauthors=label%3Ainformation_retrieval', 'link': 'https://scholar.google.com/citations?hl=en&view_op=search_authors&mauthors=label:information_retrieval'}, {'title': 'Crowdsourcing', 'serpapi_link': 'https://serpapi.com/search.json?engine=google_scholar_profiles&hl=en&mauthors=label%3Acrowdsourcing', 'link': 'https://scholar.google.com/citations?hl=en&view_op=search_authors&mauthors=label:crowdsourcing'}, {'title': 'Data Science', 'serpapi_link': 'https://serpapi.com/search.json?engine=google_scholar_profiles&hl=en&mauthors=label%3Adata_science', 'link': 'https://scholar.google.com/citations?hl=en&view_op=search_authors&mauthors=label:data_science'}, {'title': 'Human Computation', 'serpapi_link': 'https://serpapi.com/search.json?engine=google_scholar_profiles&hl=en&mauthors=label%3Ahuman_computation', 'link': 'https://scholar.google.com/citations?hl=en&view_op=search_authors&mauthors=label:human_computation'}, {'title': 'Web science', 'serpapi_link': 'https://serpapi.com/search.json?engine=google_scholar_profiles&hl=en&mauthors=label%3Aweb_science', 'link': 'https://scholar.google.com/citations?hl=en&view_op=search_authors&mauthors=label:web_science'}]"
0,Dante Degl'Innocenti,Datamantix,Ay6L7NsAAAAJ,117,"[{'title': 'Artificial Intelligence', 'link': 'https://scholar.google.com/citations?view_op=search_authors&hl=en&mauthors=label:artificial_intelligence', 'serpapi_link': 'https://serpapi.com/search.json?engine=google_scholar_profiles&hl=en&mauthors=label%3Aartificial_intelligence'}, {'title': 'Deep Learning', 'link': 'https://scholar.google.com/citations?view_op=search_authors&hl=en&mauthors=label:deep_learning', 'serpapi_link': 'https://serpapi.com/search.json?engine=google_scholar_profiles&hl=en&mauthors=label%3Adeep_learning'}, {'title': 'Natural Language Processing', 'link': 'https://scholar.google.com/citations?view_op=search_authors&hl=en&mauthors=label:natural_language_processing', 'serpapi_link': 'https://serpapi.com/search.json?engine=google_scholar_profiles&hl=en&mauthors=label%3Anatural_language_processing'}, {'title': 'Data Science', 'link': 'https://scholar.google.com/citations?view_op=search_authors&hl=en&mauthors=label:data_science', 'serpapi_link': 'https://serpapi.com/search.json?engine=google_scholar_profiles&hl=en&mauthors=label%3Adata_science'}, {'title': 'Machine Learning', 'link': 'https://scholar.google.com/citations?view_op=search_authors&hl=en&mauthors=label:machine_learning', 'serpapi_link': 'https://serpapi.com/search.json?engine=google_scholar_profiles&hl=en&mauthors=label%3Amachine_learning'}]"
1,Arkaitz Zubiaga,Queen Mary University of London,IUb-xxMAAAAJ,6611,"[{'title': 'Social Media Mining', 'link': 'https://scholar.google.com/citations?view_op=search_authors&hl=en&mauthors=label:social_media_mining', 'serpapi_link': 'https://serpapi.com/search.json?engine=google_scholar_profiles&hl=en&mauthors=label%3Asocial_media_mining'}, {'title': 'Social Data Science', 'link': 'https://scholar.google.com/citations?view_op=search_authors&hl=en&mauthors=label:social_data_science', 'serpapi_link': 'https://serpapi.com/search.json?engine=google_scholar_profiles&hl=en&mauthors=label%3Asocial_data_science'}, {'title': 'Natural Language Processing', 'link': 'https://scholar.google.com/citations?view_op=search_authors&hl=en&mauthors=label:natural_language_processing', 'serpapi_link': 'https://serpapi.com/search.json?engine=google_scholar_profiles&hl=en&mauthors=label%3Anatural_language_processing'}, {'title': 'Computational Social Science', 'link': 'https://scholar.google.com/citations?view_op=search_authors&hl=en&mauthors=label:computational_social_science', 'serpapi_link': 'https://serpapi.com/search.json?engine=google_scholar_profiles&hl=en&mauthors=label%3Acomputational_social_science'}, {'title': 'Computational Journalism', 'link': 'https://scholar.google.com/citations?view_op=search_authors&hl=en&mauthors=label:computational_journalism', 'serpapi_link': 'https://serpapi.com/search.json?engine=google_scholar_profiles&hl=en&mauthors=label%3Acomputational_journalism'}]"
2,Marco Pavan,"PhD in Computer Science, University of Udine",-UudVuUAAAAJ,112,"[{'title': 'Data Mining', 'link': 'https://scholar.google.com/citations?view_op=search_authors&hl=en&mauthors=label:data_mining', 'serpapi_link': 'https://serpapi.com/search.json?engine=google_scholar_profiles&hl=en&mauthors=label%3Adata_mining'}, {'title': 'Information Retrieval', 'link': 'https://scholar.google.com/citations?view_op=search_authors&hl=en&mauthors=label:information_retrieval', 'serpapi_link': 'https://serpapi.com/search.json?engine=google_scholar_profiles&hl=en&mauthors=label%3Ainformation_retrieval'}, {'title': 'Artificial intelligence', 'link': 'https://scholar.google.com/citations?view_op=search_authors&hl=en&mauthors=label:artificial_intelligence', 'serpapi_link': 'https://serpapi.com/search.json?engine=google_scholar_profiles&hl=en&mauthors=label%3Aartificial_intelligence'}]"
3,Ujwal Gadiraju,"Assistant Professor, Web Information Systems, Delft University of Technology",FX7BF6QAAAAJ,3263,"[{'title': 'Human-centered AI', 'link': 'https://scholar.google.com/citations?view_op=search_authors&hl=en&mauthors=label:human_centered_ai', 'serpapi_link': 'https://serpapi.com/search.json?engine=google_scholar_profiles&hl=en&mauthors=label%3Ahuman_centered_ai'}, {'title': 'Crowd Computing', 'link': 'https://scholar.google.com/citations?view_op=search_authors&hl=en&mauthors=label:crowd_computing', 'serpapi_link': 'https://serpapi.com/search.json?engine=google_scholar_profiles&hl=en&mauthors=label%3Acrowd_computing'}, {'title': 'Human-Computer Interaction', 'link': 'https://scholar.google.com/citations?view_op=search_authors&hl=en&mauthors=label:human_computer_interaction', 'serpapi_link': 'https://serpapi.com/search.json?engine=google_scholar_profiles&hl=en&mauthors=label%3Ahuman_computer_interaction'}, {'title': 'Information Retrieval', 'link': 'https://scholar.google.com/citations?view_op=search_authors&hl=en&mauthors=label:information_retrieval', 'serpapi_link': 'https://serpapi.com/search.json?engine=google_scholar_profiles&hl=en&mauthors=label%3Ainformation_retrieval'}, {'title': 'Conversational Interfaces', 'link': 'https://scholar.google.com/citations?view_op=search_authors&hl=en&mauthors=label:conversational_interfaces', 'serpapi_link': 'https://serpapi.com/search.json?engine=google_scholar_profiles&hl=en&mauthors=label%3Aconversational_interfaces'}]"
4,Karl Aberer,"Professor of Computer and Communication Sciences, EPFL",ifU81ikAAAAJ,23830,"[{'title': 'Social Media', 'link': 'https://scholar.google.com/citations?view_op=search_authors&hl=en&mauthors=label:social_media', 'serpapi_link': 'https://serpapi.com/search.json?engine=google_scholar_profiles&hl=en&mauthors=label%3Asocial_media'}, {'title': 'Data Management', 'link': 'https://scholar.google.com/citations?view_op=search_authors&hl=en&mauthors=label:data_management', 'serpapi_link': 'https://serpapi.com/search.json?engine=google_scholar_profiles&hl=en&mauthors=label%3Adata_management'}, {'title': 'Data Integration', 'link': 'https://scholar.google.com/citations?view_op=search_authors&hl=en&mauthors=label:data_integration', 'serpapi_link': 'https://serpapi.com/search.json?engine=google_scholar_profiles&hl=en&mauthors=label%3Adata_integration'}, {'title': 'Trust Management', 'link': 'https://scholar.google.com/citations?view_op=search_authors&hl=en&mauthors=label:trust_management', 'serpapi_link': 'https://serpapi.com/search.json?engine=google_scholar_profiles&hl=en&mauthors=label%3Atrust_management'}, {'title': 'Semantic Web', 'link': 'https://scholar.google.com/citations?view_op=search_authors&hl=en&mauthors=label:semantic_web', 'serpapi_link': 'https://serpapi.com/search.json?engine=google_scholar_profiles&hl=en&mauthors=label%3Asemantic_web'}]"
5,Víctor Fresno,Associate Professor of Computer Science (UNED),X_95ZxEAAAAJ,1555,"[{'title': 'Document Representation', 'link': 'https://scholar.google.com/citations?view_op=search_authors&hl=en&mauthors=label:document_representation', 'serpapi_link': 'https://serpapi.com/search.json?engine=google_scholar_profiles&hl=en&mauthors=label%3Adocument_representation'}, {'title': 'Natural Language Processing', 'link': 'https://scholar.google.com/citations?view_op=search_authors&hl=en&mauthors=label:natural_language_processing', 'serpapi_link': 'https://serpapi.com/search.json?engine=google_scholar_profiles&hl=en&mauthors=label%3Anatural_language_processing'}, {'title': 'Machine Learning', 'link': 'https://scholar.google.com/citations?view_op=search_authors&hl=en&mauthors=label:machine_learning', 'serpapi_link': 'https://serpapi.com/search.json?engine=google_scholar_profiles&hl=en&mauthors=label%3Amachine_learning'}, {'title': 'Compositional Distributional Semantics', 'link': 'https://scholar.google.com/citations?view_op=search_authors&hl=en&mauthors=label:compositional_distributional_semantics', 'serpapi_link': 'https://serpapi.com/search.json?engine=google_scholar_profiles&hl=en&mauthors=label%3Acompositional_distributional_semantics'}]"
6,Afshin Rahimi,Applied Scientist @ Amazon,WhPw2I0AAAAJ,1293,"[{'title': 'Natural Language Processing', 'link': 'https://scholar.google.com/citations?view_op=search_authors&hl=en&mauthors=label:natural_language_processing', 'serpapi_link': 'https://serpapi.com/search.json?engine=google_scholar_profiles&hl=en&mauthors=label%3Anatural_language_processing'}]"
7,Julio Gonzalo,"Full professor of Computer Science, UNED",opFCmpYAAAAJ,6082,"[{'title': 'Natural Language Processing', 'link': 'https://scholar.google.com/citations?view_op=search_authors&hl=en&mauthors=label:natural_language_processing', 'serpapi_link': 'https://serpapi.com/search.json?engine=google_scholar_profiles&hl=en&mauthors=label%3Anatural_language_processing'}, {'title': 'Information Retrieval', 'link': 'https://scholar.google.com/citations?view_op=search_authors&hl=en&mauthors=label:information_retrieval', 'serpapi_link': 'https://serpapi.com/search.json?engine=google_scholar_profiles&hl=en&mauthors=label%3Ainformation_retrieval'}, {'title': 'Artificial Intelligence', 'link': 'https://scholar.google.com/citations?view_op=search_authors&hl=en&mauthors=label:artificial_intelligence', 'serpapi_link': 'https://serpapi.com/search.json?engine=google_scholar_profiles&hl=en&mauthors=label%3Aartificial_intelligence'}]"
8,Yunke Qu,The University of Queensland,oup2M48AAAAJ,11,"[{'title': 'Recommender Systems', 'link': 'https://scholar.google.com/citations?view_op=search_authors&hl=en&mauthors=label:recommender_systems', 'serpapi_link': 'https://serpapi.com/search.json?engine=google_scholar_profiles&hl=en&mauthors=label%3Arecommender_systems'}, {'title': 'Data Mining', 'link': 'https://scholar.google.com/citations?view_op=search_authors&hl=en&mauthors=label:data_mining', 'serpapi_link': 'https://serpapi.com/search.json?engine=google_scholar_profiles&hl=en&mauthors=label%3Adata_mining'}, {'title': 'Information Retrieval', 'link': 'https://scholar.google.com/citations?view_op=search_authors&hl=en&mauthors=label:information_retrieval', 'serpapi_link': 'https://serpapi.com/search.json?engine=google_scholar_profiles&hl=en&mauthors=label%3Ainformation_retrieval'}]"
9,Laura Sbaffi,"Senior Lecturer, Information School, University of Sheffield",TMKfR4AAAAAJ,3379,"[{'title': 'Social care', 'link': 'https://scholar.google.com/citations?view_op=search_authors&hl=en&mauthors=label:social_care', 'serpapi_link': 'https://serpapi.com/search.json?engine=google_scholar_profiles&hl=en&mauthors=label%3Asocial_care'}, {'title': 'trust in information', 'link': 'https://scholar.google.com/citations?view_op=search_authors&hl=en&mauthors=label:trust_in_information', 'serpapi_link': 'https://serpapi.com/search.json?engine=google_scholar_profiles&hl=en&mauthors=label%3Atrust_in_information'}, {'title': 'information literacy', 'link': 'https://scholar.google.com/citations?view_op=search_authors&hl=en&mauthors=label:information_literacy', 'serpapi_link': 'https://serpapi.com/search.json?engine=google_scholar_profiles&hl=en&mauthors=label%3Ainformation_literacy'}]"
10,Andrew Turpin,Lions Eye Institute and Curtin University,lCZblDwAAAAJ,6886,"[{'title': 'Human vision', 'link': 'https://scholar.google.com/citations?view_op=search_authors&hl=en&mauthors=label:human_vision', 'serpapi_link': 'https://serpapi.com/search.json?engine=google_scholar_profiles&hl=en&mauthors=label%3Ahuman_vision'}, {'title': 'Computer vision', 'link': 'https://scholar.google.com/citations?view_op=search_authors&hl=en&mauthors=label:computer_vision', 'serpapi_link': 'https://serpapi.com/search.json?engine=google_scholar_profiles&hl=en&mauthors=label%3Acomputer_vision'}, {'title': 'Information Science', 'link': 'https://scholar.google.com/citations?view_op=search_authors&hl=en&mauthors=label:information_science', 'serpapi_link': 'https://serpapi.com/search.json?engine=google_scholar_profiles&hl=en&mauthors=label%3Ainformation_science'}, {'title': 'Data Analysis', 'link': 'https://scholar.google.com/citations?view_op=search_authors&hl=en&mauthors=label:data_analysis', 'serpapi_link': 'https://serpapi.com/search.json?engine=google_scholar_profiles&hl=en&mauthors=label%3Adata_analysis'}]"
11,"Dr. Wasim Ahmed, PhD",Senior Lecturer in Marketing,JduIcrAAAAAJ,2172,"[{'title': 'Disinformation', 'link': 'https://scholar.google.com/citations?view_op=search_authors&hl=en&mauthors=label:disinformation', 'serpapi_link': 'https://serpapi.com/search.json?engine=google_scholar_profiles&hl=en&mauthors=label%3Adisinformation'}, {'title': 'Twitter', 'link': 'https://scholar.google.com/citations?view_op=search_authors&hl=en&mauthors=label:twitter', 'serpapi_link': 'https://serpapi.com/search.json?engine=google_scholar_profiles&hl=en&mauthors=label%3Atwitter'}, {'title': 'Digital Business', 'link': 'https://scholar.google.com/citations?view_op=search_authors&hl=en&mauthors=label:digital_business', 'serpapi_link': 'https://serpapi.com/search.json?engine=google_scholar_profiles&hl=en&mauthors=label%3Adigital_business'}, {'title': 'Social Network Analysis', 'link': 'https://scholar.google.com/citations?view_op=search_authors&hl=en&mauthors=label:social_network_analysis', 'serpapi_link': 'https://serpapi.com/search.json?engine=google_scholar_profiles&hl=en&mauthors=label%3Asocial_network_analysis'}, {'title': 'Health Informatics', 'link': 'https://scholar.google.com/citations?view_op=search_authors&hl=en&mauthors=label:health_informatics', 'serpapi_link': 'https://serpapi.com/search.json?engine=google_scholar_profiles&hl=en&mauthors=label%3Ahealth_informatics'}]"
12,Luca Di Gaspero,"Associate Professor of Information Technology, University of Udine",fIES7P0AAAAJ,3658,"[{'title': 'Artificial Intelligence', 'link': 'https://scholar.google.com/citations?view_op=search_authors&hl=en&mauthors=label:artificial_intelligence', 'serpapi_link': 'https://serpapi.com/search.json?engine=google_scholar_profiles&hl=en&mauthors=label%3Aartificial_intelligence'}, {'title': 'Operations Research', 'link': 'https://scholar.google.com/citations?view_op=search_authors&hl=en&mauthors=label:operations_research', 'serpapi_link': 'https://serpapi.com/search.json?engine=google_scholar_profiles&hl=en&mauthors=label%3Aoperations_research'}, {'title': 'Data Analytics', 'link': 'https://scholar.google.com/citations?view_op=search_authors&hl=en&mauthors=label:data_analytics', 'serpapi_link': 'https://serpapi.com/search.json?engine=google_scholar_profiles&hl=en&mauthors=label%3Adata_analytics'}, {'title': 'Metaheuristics', 'link': 'https://scholar.google.com/citations?view_op=search_authors&hl=en&mauthors=label:metaheuristics', 'serpapi_link': 'https://serpapi.com/search.json?engine=google_scholar_profiles&hl=en&mauthors=label%3Ametaheuristics'}]"
13,Davide Ceolin,"Tenured Researcher, CWI Amsterdam",y8Jy518AAAAJ,497,"[{'title': 'Information Quality', 'link': 'https://scholar.google.com/citations?view_op=search_authors&hl=en&mauthors=label:information_quality', 'serpapi_link': 'https://serpapi.com/search.json?engine=google_scholar_profiles&hl=en&mauthors=label%3Ainformation_quality'}, {'title': 'Trust', 'link': 'https://scholar.google.com/citations?view_op=search_authors&hl=en&mauthors=label:trust', 'serpapi_link': 'https://serpapi.com/search.json?engine=google_scholar_profiles&hl=en&mauthors=label%3Atrust'}, {'title': 'Semantic Web', 'link': 'https://scholar.google.com/citations?view_op=search_authors&hl=en&mauthors=label:semantic_web', 'serpapi_link': 'https://serpapi.com/search.json?engine=google_scholar_profiles&hl=en&mauthors=label%3Asemantic_web'}, {'title': 'Probabilistic Logic', 'link': 'https://scholar.google.com/citations?view_op=search_authors&hl=en&mauthors=label:probabilistic_logic', 'serpapi_link': 'https://serpapi.com/search.json?engine=google_scholar_profiles&hl=en&mauthors=label%3Aprobabilistic_logic'}, {'title': 'Provenance', 'link': 'https://scholar.google.com/citations?view_op=search_authors&hl=en&mauthors=label:provenance', 'serpapi_link': 'https://serpapi.com/search.json?engine=google_scholar_profiles&hl=en&mauthors=label%3Aprovenance'}]"
14,Claudio Carpineto,Fondazione Ugo Bordoni,MnwqYB8AAAAJ,5535,"[{'title': 'information retrieval', 'link': 'https://scholar.google.com/citations?view_op=search_authors&hl=en&mauthors=label:information_retrieval', 'serpapi_link': 'https://serpapi.com/search.json?engine=google_scholar_profiles&hl=en&mauthors=label%3Ainformation_retrieval'}, {'title': 'data mining', 'link': 'https://scholar.google.com/citations?view_op=search_authors&hl=en&mauthors=label:data_mining', 'serpapi_link': 'https://serpapi.com/search.json?engine=google_scholar_profiles&hl=en&mauthors=label%3Adata_mining'}, {'title': 'artificial intelligence', 'link': 'https://scholar.google.com/citations?view_op=search_authors&hl=en&mauthors=label:artificial_intelligence', 'serpapi_link': 'https://serpapi.com/search.json?engine=google_scholar_profiles&hl=en&mauthors=label%3Aartificial_intelligence'}, {'title': 'formal concept analysis', 'link': 'https://scholar.google.com/citations?view_op=search_authors&hl=en&mauthors=label:formal_concept_analysis', 'serpapi_link': 'https://serpapi.com/search.json?engine=google_scholar_profiles&hl=en&mauthors=label%3Aformal_concept_analysis'}, {'title': 'data privacy', 'link': 'https://scholar.google.com/citations?view_op=search_authors&hl=en&mauthors=label:data_privacy', 'serpapi_link': 'https://serpapi.com/search.json?engine=google_scholar_profiles&hl=en&mauthors=label%3Adata_privacy'}]"
15,Fabio Crestani,"Faculty of Informatics, Universitá della Svizzera Italiana (USI), Lugano, Switzerland",EoGBsiMAAAAJ,10239,"[{'title': 'Information Retrieval', 'link': 'https://scholar.google.com/citations?view_op=search_authors&hl=en&mauthors=label:information_retrieval', 'serpapi_link': 'https://serpapi.com/search.json?engine=google_scholar_profiles&hl=en&mauthors=label%3Ainformation_retrieval'}, {'title': 'Data Science', 'link': 'https://scholar.google.com/citations?view_op=search_authors&hl=en&mauthors=label:data_science', 'serpapi_link': 'https://serpapi.com/search.json?engine=google_scholar_profiles&hl=en&mauthors=label%3Adata_science'}, {'title': 'Text Mining', 'link': 'https://scholar.google.com/citations?view_op=search_authors&hl=en&mauthors=label:text_mining', 'serpapi_link': 'https://serpapi.com/search.json?engine=google_scholar_profiles&hl=en&mauthors=label%3Atext_mining'}, {'title': 'Digital Libraries', 'link': 'https://scholar.google.com/citations?view_op=search_authors&hl=en&mauthors=label:digital_libraries', 'serpapi_link': 'https://serpapi.com/search.json?engine=google_scholar_profiles&hl=en&mauthors=label%3Adigital_libraries'}]"
16,Giuseppe Primiero,"Department of Philosophy, University of Milan",srKA534AAAAJ,1131,"[{'title': 'Logic', 'link': 'https://scholar.google.com/citations?view_op=search_authors&hl=en&mauthors=label:logic', 'serpapi_link': 'https://serpapi.com/search.json?engine=google_scholar_profiles&hl=en&mauthors=label%3Alogic'}, {'title': 'Philosophy of Computer Science', 'link': 'https://scholar.google.com/citations?view_op=search_authors&hl=en&mauthors=label:philosophy_of_computer_science', 'serpapi_link': 'https://serpapi.com/search.json?engine=google_scholar_profiles&hl=en&mauthors=label%3Aphilosophy_of_computer_science'}]"
17,Falk Scholer,"School of Computing Technologies, RMIT University",qOLjlqsAAAAJ,4642,"[{'title': 'Information retrieval', 'link': 'https://scholar.google.com/citations?view_op=search_authors&hl=en&mauthors=label:information_retrieval', 'serpapi_link': 'https://serpapi.com/search.json?engine=google_scholar_profiles&hl=en&mauthors=label%3Ainformation_retrieval'}, {'title': 'search', 'link': 'https://scholar.google.com/citations?view_op=search_authors&hl=en&mauthors=label:search', 'serpapi_link': 'https://serpapi.com/search.json?engine=google_scholar_profiles&hl=en&mauthors=label%3Asearch'}, {'title': 'fairness accountability transparency and ethics of algorithms AI and computing', 'link': 'https://scholar.google.com/citations?view_op=search_authors&hl=en&mauthors=label:fairness_accountability_transparency_and_ethics_of_algorithms_ai_and_computing', 'serpapi_link': 'https://serpapi.com/search.json?engine=google_scholar_profiles&hl=en&mauthors=label%3Afairness_accountability_transparency_and_ethics_of_algorithms_ai_and_computing'}, {'title': 'data science', 'link': 'https://scholar.google.com/citations?view_op=search_authors&hl=en&mauthors=label:data_science', 'serpapi_link': 'https://serpapi.com/search.json?engine=google_scholar_profiles&hl=en&mauthors=label%3Adata_science'}, {'title': 'dat', 'link': 'https://scholar.google.com/citations?view_op=search_authors&hl=en&mauthors=label:dat', 'serpapi_link': 'https://serpapi.com/search.json?engine=google_scholar_profiles&hl=en&mauthors=label%3Adat'}]"
18,Edgar Meij,Bloomberg,vb6YKF0AAAAJ,3138,"[{'title': 'Information Retrieval', 'link': 'https://scholar.google.com/citations?view_op=search_authors&hl=en&mauthors=label:information_retrieval', 'serpapi_link': 'https://serpapi.com/search.json?engine=google_scholar_profiles&hl=en&mauthors=label%3Ainformation_retrieval'}, {'title': 'Semantich Search', 'link': 'https://scholar.google.com/citations?view_op=search_authors&hl=en&mauthors=label:semantich_search', 'serpapi_link': 'https://serpapi.com/search.json?engine=google_scholar_profiles&hl=en&mauthors=label%3Asemantich_search'}, {'title': 'Machine Learning', 'link': 'https://scholar.google.com/citations?view_op=search_authors&hl=en&mauthors=label:machine_learning', 'serpapi_link': 'https://serpapi.com/search.json?engine=google_scholar_profiles&hl=en&mauthors=label%3Amachine_learning'}]"
19,Michele Catasta,VP of AI at Replit,ZxfOSWMAAAAJ,6005,"[{'title': 'Large Language Models', 'link': 'https://scholar.google.com/citations?view_op=search_authors&hl=en&mauthors=label:large_language_models', 'serpapi_link': 'https://serpapi.com/search.json?engine=google_scholar_profiles&hl=en&mauthors=label%3Alarge_language_models'}, {'title': 'AI4Code', 'link': 'https://scholar.google.com/citations?view_op=search_authors&hl=en&mauthors=label:ai4code', 'serpapi_link': 'https://serpapi.com/search.json?engine=google_scholar_profiles&hl=en&mauthors=label%3Aai4code'}, {'title': 'Machine Learning', 'link': 'https://scholar.google.com/citations?view_op=search_authors&hl=en&mauthors=label:machine_learning', 'serpapi_link': 'https://serpapi.com/search.json?engine=google_scholar_profiles&hl=en&mauthors=label%3Amachine_learning'}, {'title': 'Information Retrieval', 'link': 'https://scholar.google.com/citations?view_op=search_authors&hl=en&mauthors=label:information_retrieval', 'serpapi_link': 'https://serpapi.com/search.json?engine=google_scholar_profiles&hl=en&mauthors=label%3Ainformation_retrieval'}, {'title': 'Data Science', 'link': 'https://scholar.google.com/citations?view_op=search_authors&hl=en&mauthors=label:data_science', 'serpapi_link': 'https://serpapi.com/search.json?engine=google_scholar_profiles&hl=en&mauthors=label%3Adata_science'}]"
20,Luis-Daniel Ibáñez,University of Southampton,Vf-AkkUAAAAJ,691,"[{'title': 'Linked Data', 'link': 'https://scholar.google.com/citations?view_op=search_authors&hl=en&mauthors=label:linked_data', 'serpapi_link': 'https://serpapi.com/search.json?engine=google_scholar_profiles&hl=en&mauthors=label%3Alinked_data'}, {'title': 'Collaborative Systems', 'link': 'https://scholar.google.com/citations?view_op=search_authors&hl=en&mauthors=label:collaborative_systems', 'serpapi_link': 'https://serpapi.com/search.json?engine=google_scholar_profiles&hl=en&mauthors=label%3Acollaborative_systems'}, {'title': 'Optimistic Replication', 'link': 'https://scholar.google.com/citations?view_op=search_authors&hl=en&mauthors=label:optimistic_replication', 'serpapi_link': 'https://serpapi.com/search.json?engine=google_scholar_profiles&hl=en&mauthors=label%3Aoptimistic_replication'}, {'title': 'Provenance Semirings', 'link': 'https://scholar.google.com/citations?view_op=search_authors&hl=en&mauthors=label:provenance_semirings', 'serpapi_link': 'https://serpapi.com/search.json?engine=google_scholar_profiles&hl=en&mauthors=label%3Aprovenance_semirings'}, {'title': 'Update Exchange', 'link': 'https://scholar.google.com/citations?view_op=search_authors&hl=en&mauthors=label:update_exchange', 'serpapi_link': 'https://serpapi.com/search.json?engine=google_scholar_profiles&hl=en&mauthors=label%3Aupdate_exchange'}]"
21,Mattia Zeni,"Databricks, TomTom, IBM Research, University of Trento, Create-net",DL18RZEAAAAJ,608,"[{'title': 'Big Data', 'link': 'https://scholar.google.com/citations?view_op=search_authors&hl=en&mauthors=label:big_data', 'serpapi_link': 'https://serpapi.com/search.json?engine=google_scholar_profiles&hl=en&mauthors=label%3Abig_data'}, {'title': 'AI', 'link': 'https://scholar.google.com/citations?view_op=search_authors&hl=en&mauthors=label:ai', 'serpapi_link': 'https://serpapi.com/search.json?engine=google_scholar_profiles&hl=en&mauthors=label%3Aai'}, {'title': 'Machine Learning', 'link': 'https://scholar.google.com/citations?view_op=search_authors&hl=en&mauthors=label:machine_learning', 'serpapi_link': 'https://serpapi.com/search.json?engine=google_scholar_profiles&hl=en&mauthors=label%3Amachine_learning'}, {'title': 'Human-Centered AI', 'link': 'https://scholar.google.com/citations?view_op=search_authors&hl=en&mauthors=label:human_centered_ai', 'serpapi_link': 'https://serpapi.com/search.json?engine=google_scholar_profiles&hl=en&mauthors=label%3Ahuman_centered_ai'}, {'title': 'Privacy-Aware Machine Learning', 'link': 'https://scholar.google.com/citations?view_op=search_authors&hl=en&mauthors=label:privacy_aware_machine_learning', 'serpapi_link': 'https://serpapi.com/search.json?engine=google_scholar_profiles&hl=en&mauthors=label%3Aprivacy_aware_machine_learning'}]"
22,Lei Han,The University of Queensland,Oibami4AAAAJ,230,[]
23,Elena Nazzi,"PhD student in Interaction Design, IT University of Copenhagen",krOJM2sAAAAJ,175,"[{'title': 'Interaction Design', 'link': 'https://scholar.google.com/citations?view_op=search_authors&hl=en&mauthors=label:interaction_design', 'serpapi_link': 'https://serpapi.com/search.json?engine=google_scholar_profiles&hl=en&mauthors=label%3Ainteraction_design'}, {'title': 'Social Computing', 'link': 'https://scholar.google.com/citations?view_op=search_authors&hl=en&mauthors=label:social_computing', 'serpapi_link': 'https://serpapi.com/search.json?engine=google_scholar_profiles&hl=en&mauthors=label%3Asocial_computing'}, {'title': 'Tangible Computing', 'link': 'https://scholar.google.com/citations?view_op=search_authors&hl=en&mauthors=label:tangible_computing', 'serpapi_link': 'https://serpapi.com/search.json?engine=google_scholar_profiles&hl=en&mauthors=label%3Atangible_computing'}, {'title': 'Internet of Things', 'link': 'https://scholar.google.com/citations?view_op=search_authors&hl=en&mauthors=label:internet_of_things', 'serpapi_link': 'https://serpapi.com/search.json?engine=google_scholar_profiles&hl=en&mauthors=label%3Ainternet_of_things'}, {'title': 'Embodied Interaction', 'link': 'https://scholar.google.com/citations?view_op=search_authors&hl=en&mauthors=label:embodied_interaction', 'serpapi_link': 'https://serpapi.com/search.json?engine=google_scholar_profiles&hl=en&mauthors=label%3Aembodied_interaction'}]"
24,Alberto Tonon,"PhD Student, University of Fribourg",zBYcXUMAAAAJ,467,"[{'title': 'Computer Science', 'link': 'https://scholar.google.com/citations?view_op=search_authors&hl=en&mauthors=label:computer_science', 'serpapi_link': 'https://serpapi.com/search.json?engine=google_scholar_profiles&hl=en&mauthors=label%3Acomputer_science'}, {'title': 'Information Retrieval', 'link': 'https://scholar.google.com/citations?view_op=search_authors&hl=en&mauthors=label:information_retrieval', 'serpapi_link': 'https://serpapi.com/search.json?engine=google_scholar_profiles&hl=en&mauthors=label%3Ainformation_retrieval'}, {'title': 'Semantic Web', 'link': 'https://scholar.google.com/citations?view_op=search_authors&hl=en&mauthors=label:semantic_web', 'serpapi_link': 'https://serpapi.com/search.json?engine=google_scholar_profiles&hl=en&mauthors=label%3Asemantic_web'}]"
25,Philippe Cudre-Mauroux,"Full Professor (Computer Science), U. of Fribourg–Switzerland",NpccCXwAAAAJ,9309,"[{'title': 'Big Data', 'link': 'https://scholar.google.com/citations?view_op=search_authors&hl=en&mauthors=label:big_data', 'serpapi_link': 'https://serpapi.com/search.json?engine=google_scholar_profiles&hl=en&mauthors=label%3Abig_data'}, {'title': 'Graph Data', 'link': 'https://scholar.google.com/citations?view_op=search_authors&hl=en&mauthors=label:graph_data', 'serpapi_link': 'https://serpapi.com/search.json?engine=google_scholar_profiles&hl=en&mauthors=label%3Agraph_data'}, {'title': 'Infrastructures for AI', 'link': 'https://scholar.google.com/citations?view_op=search_authors&hl=en&mauthors=label:infrastructures_for_ai', 'serpapi_link': 'https://serpapi.com/search.json?engine=google_scholar_profiles&hl=en&mauthors=label%3Ainfrastructures_for_ai'}, {'title': 'Emergent Semantics', 'link': 'https://scholar.google.com/citations?view_op=search_authors&hl=en&mauthors=label:emergent_semantics', 'serpapi_link': 'https://serpapi.com/search.json?engine=google_scholar_profiles&hl=en&mauthors=label%3Aemergent_semantics'}]"
26,J. Shane Culpepper,The University of Queensland,OFlBSEEAAAAJ,3159,"[{'title': 'Information Retrieval', 'link': 'https://scholar.google.com/citations?view_op=search_authors&hl=en&mauthors=label:information_retrieval', 'serpapi_link': 'https://serpapi.com/search.json?engine=google_scholar_profiles&hl=en&mauthors=label%3Ainformation_retrieval'}, {'title': 'Search', 'link': 'https://scholar.google.com/citations?view_op=search_authors&hl=en&mauthors=label:search', 'serpapi_link': 'https://serpapi.com/search.json?engine=google_scholar_profiles&hl=en&mauthors=label%3Asearch'}, {'title': 'Algorithms', 'link': 'https://scholar.google.com/citations?view_op=search_authors&hl=en&mauthors=label:algorithms', 'serpapi_link': 'https://serpapi.com/search.json?engine=google_scholar_profiles&hl=en&mauthors=label%3Aalgorithms'}, {'title': 'Machine Learning', 'link': 'https://scholar.google.com/citations?view_op=search_authors&hl=en&mauthors=label:machine_learning', 'serpapi_link': 'https://serpapi.com/search.json?engine=google_scholar_profiles&hl=en&mauthors=label%3Amachine_learning'}]"
27,Tim Draws,OTTO,UTMHOZMAAAAJ,1203,"[{'title': 'Human-Computer Interaction', 'link': 'https://scholar.google.com/citations?view_op=search_authors&hl=en&mauthors=label:human_computer_interaction', 'serpapi_link': 'https://serpapi.com/search.json?engine=google_scholar_profiles&hl=en&mauthors=label%3Ahuman_computer_interaction'}, {'title': 'Web Search', 'link': 'https://scholar.google.com/citations?view_op=search_authors&hl=en&mauthors=label:web_search', 'serpapi_link': 'https://serpapi.com/search.json?engine=google_scholar_profiles&hl=en&mauthors=label%3Aweb_search'}, {'title': 'Research Methods', 'link': 'https://scholar.google.com/citations?view_op=search_authors&hl=en&mauthors=label:research_methods', 'serpapi_link': 'https://serpapi.com/search.json?engine=google_scholar_profiles&hl=en&mauthors=label%3Aresearch_methods'}]"
28,Mihai Horia Popescu,PhD student,7VIbKlEAAAAJ,46,"[{'title': 'Machine learning', 'link': 'https://scholar.google.com/citations?view_op=search_authors&hl=en&mauthors=label:machine_learning', 'serpapi_link': 'https://serpapi.com/search.json?engine=google_scholar_profiles&hl=en&mauthors=label%3Amachine_learning'}, {'title': 'medical informatics', 'link': 'https://scholar.google.com/citations?view_op=search_authors&hl=en&mauthors=label:medical_informatics', 'serpapi_link': 'https://serpapi.com/search.json?engine=google_scholar_profiles&hl=en&mauthors=label%3Amedical_informatics'}, {'title': 'Explainable Artificial Intelligence (XAI)', 'link': 'https://scholar.google.com/citations?view_op=search_authors&hl=en&mauthors=label:explainable_artificial_intelligence_xai', 'serpapi_link': 'https://serpapi.com/search.json?engine=google_scholar_profiles&hl=en&mauthors=label%3Aexplainable_artificial_intelligence_xai'}]"
29,Jorge Carrillo-de-Albornoz,"Researcher in Computer Science, UNED",8yHMQqoAAAAJ,1385,"[{'title': 'Sentiment Analysis', 'link': 'https://scholar.google.com/citations?view_op=search_authors&hl=en&mauthors=label:sentiment_analysis', 'serpapi_link': 'https://serpapi.com/search.json?engine=google_scholar_profiles&hl=en&mauthors=label%3Asentiment_analysis'}, {'title': 'Opinion Mining', 'link': 'https://scholar.google.com/citations?view_op=search_authors&hl=en&mauthors=label:opinion_mining', 'serpapi_link': 'https://serpapi.com/search.json?engine=google_scholar_profiles&hl=en&mauthors=label%3Aopinion_mining'}, {'title': 'Online Reputation Management', 'link': 'https://scholar.google.com/citations?view_op=search_authors&hl=en&mauthors=label:online_reputation_management', 'serpapi_link': 'https://serpapi.com/search.json?engine=google_scholar_profiles&hl=en&mauthors=label%3Aonline_reputation_management'}, {'title': 'Negation Detection', 'link': 'https://scholar.google.com/citations?view_op=search_authors&hl=en&mauthors=label:negation_detection', 'serpapi_link': 'https://serpapi.com/search.json?engine=google_scholar_profiles&hl=en&mauthors=label%3Anegation_detection'}, {'title': 'Natural Language Processing', 'link': 'https://scholar.google.com/citations?view_op=search_authors&hl=en&mauthors=label:natural_language_processing', 'serpapi_link': 'https://serpapi.com/search.json?engine=google_scholar_profiles&hl=en&mauthors=label%3Anatural_language_processing'}]"
30,Peter A Bath,University of Sheffield,-ExSN_IAAAAJ,7123,"[{'title': 'Health Informatics', 'link': 'https://scholar.google.com/citations?view_op=search_authors&hl=en&mauthors=label:health_informatics', 'serpapi_link': 'https://serpapi.com/search.json?engine=google_scholar_profiles&hl=en&mauthors=label%3Ahealth_informatics'}, {'title': 'Health Data Science', 'link': 'https://scholar.google.com/citations?view_op=search_authors&hl=en&mauthors=label:health_data_science', 'serpapi_link': 'https://serpapi.com/search.json?engine=google_scholar_profiles&hl=en&mauthors=label%3Ahealth_data_science'}, {'title': 'Information behaviours', 'link': 'https://scholar.google.com/citations?view_op=search_authors&hl=en&mauthors=label:information_behaviours', 'serpapi_link': 'https://serpapi.com/search.json?engine=google_scholar_profiles&hl=en&mauthors=label%3Ainformation_behaviours'}, {'title': 'Older people', 'link': 'https://scholar.google.com/citations?view_op=search_authors&hl=en&mauthors=label:older_people', 'serpapi_link': 'https://serpapi.com/search.json?engine=google_scholar_profiles&hl=en&mauthors=label%3Aolder_people'}, {'title': 'online sharing', 'link': 'https://scholar.google.com/citations?view_op=search_authors&hl=en&mauthors=label:online_sharing', 'serpapi_link': 'https://serpapi.com/search.json?engine=google_scholar_profiles&hl=en&mauthors=label%3Aonline_sharing'}]"
31,Tetsuya Sakai,Waseda University,vi56gz4AAAAJ,6616,"[{'title': 'information retrieval', 'link': 'https://scholar.google.com/citations?view_op=search_authors&hl=en&mauthors=label:information_retrieval', 'serpapi_link': 'https://serpapi.com/search.json?engine=google_scholar_profiles&hl=en&mauthors=label%3Ainformation_retrieval'}, {'title': 'natural language processing', 'link': 'https://scholar.google.com/citations?view_op=search_authors&hl=en&mauthors=label:natural_language_processing', 'serpapi_link': 'https://serpapi.com/search.json?engine=google_scholar_profiles&hl=en&mauthors=label%3Anatural_language_processing'}, {'title': 'human computer interaction', 'link': 'https://scholar.google.com/citations?view_op=search_authors&hl=en&mauthors=label:human_computer_interaction', 'serpapi_link': 'https://serpapi.com/search.json?engine=google_scholar_profiles&hl=en&mauthors=label%3Ahuman_computer_interaction'}]"
32,Omar Alonso,Amazon,VvLUqbkAAAAJ,4296,"[{'title': 'Information Retrieval', 'link': 'https://scholar.google.com/citations?view_op=search_authors&hl=en&mauthors=label:information_retrieval', 'serpapi_link': 'https://serpapi.com/search.json?engine=google_scholar_profiles&hl=en&mauthors=label%3Ainformation_retrieval'}, {'title': 'Crowdsourcing', 'link': 'https://scholar.google.com/citations?view_op=search_authors&hl=en&mauthors=label:crowdsourcing', 'serpapi_link': 'https://serpapi.com/search.json?engine=google_scholar_profiles&hl=en&mauthors=label%3Acrowdsourcing'}, {'title': 'Social search', 'link': 'https://scholar.google.com/citations?view_op=search_authors&hl=en&mauthors=label:social_search', 'serpapi_link': 'https://serpapi.com/search.json?engine=google_scholar_profiles&hl=en&mauthors=label%3Asocial_search'}, {'title': 'Knowledge graphs', 'link': 'https://scholar.google.com/citations?view_op=search_authors&hl=en&mauthors=label:knowledge_graphs', 'serpapi_link': 'https://serpapi.com/search.json?engine=google_scholar_profiles&hl=en&mauthors=label%3Aknowledge_graphs'}]"
33,Alessandro Checco,Computer Science Department - University of Rome La Sapienza,crhkrNcAAAAJ,903,"[{'title': 'Human Computation', 'link': 'https://scholar.google.com/citations?view_op=search_authors&hl=en&mauthors=label:human_computation', 'serpapi_link': 'https://serpapi.com/search.json?engine=google_scholar_profiles&hl=en&mauthors=label%3Ahuman_computation'}, {'title': 'Crowdsourcing', 'link': 'https://scholar.google.com/citations?view_op=search_authors&hl=en&mauthors=label:crowdsourcing', 'serpapi_link': 'https://serpapi.com/search.json?engine=google_scholar_profiles&hl=en&mauthors=label%3Acrowdsourcing'}, {'title': 'Graph Theory', 'link': 'https://scholar.google.com/citations?view_op=search_authors&hl=en&mauthors=label:graph_theory', 'serpapi_link': 'https://serpapi.com/search.json?engine=google_scholar_profiles&hl=en&mauthors=label%3Agraph_theory'}, {'title': 'Markov Chains', 'link': 'https://scholar.google.com/citations?view_op=search_authors&hl=en&mauthors=label:markov_chains', 'serpapi_link': 'https://serpapi.com/search.json?engine=google_scholar_profiles&hl=en&mauthors=label%3Amarkov_chains'}, {'title': 'Wireless Networks', 'link': 'https://scholar.google.com/citations?view_op=search_authors&hl=en&mauthors=label:wireless_networks', 'serpapi_link': 'https://serpapi.com/search.json?engine=google_scholar_profiles&hl=en&mauthors=label%3Awireless_networks'}]"
34,Andrea Brunello,Università degli Studi di Udine,GuteS00AAAAJ,281,"[{'title': 'Data science', 'link': 'https://scholar.google.com/citations?view_op=search_authors&hl=en&mauthors=label:data_science', 'serpapi_link': 'https://serpapi.com/search.json?engine=google_scholar_profiles&hl=en&mauthors=label%3Adata_science'}, {'title': 'machine learning', 'link': 'https://scholar.google.com/citations?view_op=search_authors&hl=en&mauthors=label:machine_learning', 'serpapi_link': 'https://serpapi.com/search.json?engine=google_scholar_profiles&hl=en&mauthors=label%3Amachine_learning'}, {'title': 'evolutionary computation', 'link': 'https://scholar.google.com/citations?view_op=search_authors&hl=en&mauthors=label:evolutionary_computation', 'serpapi_link': 'https://serpapi.com/search.json?engine=google_scholar_profiles&hl=en&mauthors=label%3Aevolutionary_computation'}, {'title': 'data modelling', 'link': 'https://scholar.google.com/citations?view_op=search_authors&hl=en&mauthors=label:data_modelling', 'serpapi_link': 'https://serpapi.com/search.json?engine=google_scholar_profiles&hl=en&mauthors=label%3Adata_modelling'}, {'title': 'databases', 'link': 'https://scholar.google.com/citations?view_op=search_authors&hl=en&mauthors=label:databases', 'serpapi_link': 'https://serpapi.com/search.json?engine=google_scholar_profiles&hl=en&mauthors=label%3Adatabases'}]"
35,Vincenzo Della Mea,"Associate Professor of Medical Informatics, University of Udine",BF3B4KAAAAAJ,2890,"[{'title': 'medical informatics', 'link': 'https://scholar.google.com/citations?view_op=search_authors&hl=en&mauthors=label:medical_informatics', 'serpapi_link': 'https://serpapi.com/search.json?engine=google_scholar_profiles&hl=en&mauthors=label%3Amedical_informatics'}, {'title': 'telemedicine', 'link': 'https://scholar.google.com/citations?view_op=search_authors&hl=en&mauthors=label:telemedicine', 'serpapi_link': 'https://serpapi.com/search.json?engine=google_scholar_profiles&hl=en&mauthors=label%3Atelemedicine'}, {'title': 'digital pathology', 'link': 'https://scholar.google.com/citations?view_op=search_authors&hl=en&mauthors=label:digital_pathology', 'serpapi_link': 'https://serpapi.com/search.json?engine=google_scholar_profiles&hl=en&mauthors=label%3Adigital_pathology'}, {'title': 'biomedical classifications and ontologies', 'link': 'https://scholar.google.com/citations?view_op=search_authors&hl=en&mauthors=label:biomedical_classifications_and_ontologies', 'serpapi_link': 'https://serpapi.com/search.json?engine=google_scholar_profiles&hl=en&mauthors=label%3Abiomedical_classifications_and_ontologies'}]"
36,Hideo Joho,"Professor, Institute of Library, Information and Media Science, University of Tsukuba",8W8gwisAAAAJ,3885,"[{'title': 'Information Retrieval', 'link': 'https://scholar.google.com/citations?view_op=search_authors&hl=en&mauthors=label:information_retrieval', 'serpapi_link': 'https://serpapi.com/search.json?engine=google_scholar_profiles&hl=en&mauthors=label%3Ainformation_retrieval'}, {'title': 'Interactive Information Retrieval', 'link': 'https://scholar.google.com/citations?view_op=search_authors&hl=en&mauthors=label:interactive_information_retrieval', 'serpapi_link': 'https://serpapi.com/search.json?engine=google_scholar_profiles&hl=en&mauthors=label%3Ainteractive_information_retrieval'}, {'title': 'Human Information Interaction', 'link': 'https://scholar.google.com/citations?view_op=search_authors&hl=en&mauthors=label:human_information_interaction', 'serpapi_link': 'https://serpapi.com/search.json?engine=google_scholar_profiles&hl=en&mauthors=label%3Ahuman_information_interaction'}, {'title': 'User', 'link': 'https://scholar.google.com/citations?view_op=search_authors&hl=en&mauthors=label:user', 'serpapi_link': 'https://serpapi.com/search.json?engine=google_scholar_profiles&hl=en&mauthors=label%3Auser'}]"
37,Yongli Ren,"School of Computing Technologies, RMIT University",ZZl7bW8AAAAJ,1270,"[{'title': 'Recommender System', 'link': 'https://scholar.google.com/citations?view_op=search_authors&hl=en&mauthors=label:recommender_system', 'serpapi_link': 'https://serpapi.com/search.json?engine=google_scholar_profiles&hl=en&mauthors=label%3Arecommender_system'}, {'title': 'Data Mining', 'link': 'https://scholar.google.com/citations?view_op=search_authors&hl=en&mauthors=label:data_mining', 'serpapi_link': 'https://serpapi.com/search.json?engine=google_scholar_profiles&hl=en&mauthors=label%3Adata_mining'}, {'title': 'Fog Computing', 'link': 'https://scholar.google.com/citations?view_op=search_authors&hl=en&mauthors=label:fog_computing', 'serpapi_link': 'https://serpapi.com/search.json?engine=google_scholar_profiles&hl=en&mauthors=label%3Afog_computing'}, {'title': 'Data Science', 'link': 'https://scholar.google.com/citations?view_op=search_authors&hl=en&mauthors=label:data_science', 'serpapi_link': 'https://serpapi.com/search.json?engine=google_scholar_profiles&hl=en&mauthors=label%3Adata_science'}, {'title': 'Data Analysis', 'link': 'https://scholar.google.com/citations?view_op=search_authors&hl=en&mauthors=label:data_analysis', 'serpapi_link': 'https://serpapi.com/search.json?engine=google_scholar_profiles&hl=en&mauthors=label%3Adata_analysis'}]"
38,Luca Vassena,Università di Udine,dCBk3oIAAAAJ,359,"[{'title': 'mobile', 'link': 'https://scholar.google.com/citations?view_op=search_authors&hl=en&mauthors=label:mobile', 'serpapi_link': 'https://serpapi.com/search.json?engine=google_scholar_profiles&hl=en&mauthors=label%3Amobile'}, {'title': 'ir', 'link': 'https://scholar.google.com/citations?view_op=search_authors&hl=en&mauthors=label:ir', 'serpapi_link': 'https://serpapi.com/search.json?engine=google_scholar_profiles&hl=en&mauthors=label%3Air'}, {'title': 'context', 'link': 'https://scholar.google.com/citations?view_op=search_authors&hl=en&mauthors=label:context', 'serpapi_link': 'https://serpapi.com/search.json?engine=google_scholar_profiles&hl=en&mauthors=label%3Acontext'}]"
39,Giuseppe Serra,"Associate Professor of Computer Science, University of Udine",xz1J-xQAAAAJ,5333,"[{'title': 'Machine Learning', 'link': 'https://scholar.google.com/citations?view_op=search_authors&hl=en&mauthors=label:machine_learning', 'serpapi_link': 'https://serpapi.com/search.json?engine=google_scholar_profiles&hl=en&mauthors=label%3Amachine_learning'}, {'title': 'Artificial Intelligence', 'link': 'https://scholar.google.com/citations?view_op=search_authors&hl=en&mauthors=label:artificial_intelligence', 'serpapi_link': 'https://serpapi.com/search.json?engine=google_scholar_profiles&hl=en&mauthors=label%3Aartificial_intelligence'}, {'title': 'Multimedia', 'link': 'https://scholar.google.com/citations?view_op=search_authors&hl=en&mauthors=label:multimedia', 'serpapi_link': 'https://serpapi.com/search.json?engine=google_scholar_profiles&hl=en&mauthors=label%3Amultimedia'}, {'title': 'NLP', 'link': 'https://scholar.google.com/citations?view_op=search_authors&hl=en&mauthors=label:nlp', 'serpapi_link': 'https://serpapi.com/search.json?engine=google_scholar_profiles&hl=en&mauthors=label%3Anlp'}, {'title': 'Multimedia Forensics', 'link': 'https://scholar.google.com/citations?view_op=search_authors&hl=en&mauthors=label:multimedia_forensics', 'serpapi_link': 'https://serpapi.com/search.json?engine=google_scholar_profiles&hl=en&mauthors=label%3Amultimedia_forensics'}]"
40,Tereza Iofciu,L3S,wQgkh-4AAAAJ,1214,"[{'title': 'machine learning', 'link': 'https://scholar.google.com/citations?view_op=search_authors&hl=en&mauthors=label:machine_learning', 'serpapi_link': 'https://serpapi.com/search.json?engine=google_scholar_profiles&hl=en&mauthors=label%3Amachine_learning'}, {'title': 'artificial intelligence', 'link': 'https://scholar.google.com/citations?view_op=search_authors&hl=en&mauthors=label:artificial_intelligence', 'serpapi_link': 'https://serpapi.com/search.json?engine=google_scholar_profiles&hl=en&mauthors=label%3Aartificial_intelligence'}, {'title': 'data science', 'link': 'https://scholar.google.com/citations?view_op=search_authors&hl=en&mauthors=label:data_science', 'serpapi_link': 'https://serpapi.com/search.json?engine=google_scholar_profiles&hl=en&mauthors=label%3Adata_science'}]"
41,Wolfgang Nejdl,"Professor of Computer Science, Leibniz Universität Hannover, L3S Research Center, Hannover, Germany",LC62bdYAAAAJ,25455,"[{'title': 'Information Retrieval', 'link': 'https://scholar.google.com/citations?view_op=search_authors&hl=en&mauthors=label:information_retrieval', 'serpapi_link': 'https://serpapi.com/search.json?engine=google_scholar_profiles&hl=en&mauthors=label%3Ainformation_retrieval'}, {'title': 'Web Science', 'link': 'https://scholar.google.com/citations?view_op=search_authors&hl=en&mauthors=label:web_science', 'serpapi_link': 'https://serpapi.com/search.json?engine=google_scholar_profiles&hl=en&mauthors=label%3Aweb_science'}, {'title': 'Social Media', 'link': 'https://scholar.google.com/citations?view_op=search_authors&hl=en&mauthors=label:social_media', 'serpapi_link': 'https://serpapi.com/search.json?engine=google_scholar_profiles&hl=en&mauthors=label%3Asocial_media'}, {'title': 'Data Mining', 'link': 'https://scholar.google.com/citations?view_op=search_authors&hl=en&mauthors=label:data_mining', 'serpapi_link': 'https://serpapi.com/search.json?engine=google_scholar_profiles&hl=en&mauthors=label%3Adata_mining'}, {'title': 'Semantic Technologies', 'link': 'https://scholar.google.com/citations?view_op=search_authors&hl=en&mauthors=label:semantic_technologies', 'serpapi_link': 'https://serpapi.com/search.json?engine=google_scholar_profiles&hl=en&mauthors=label%3Asemantic_technologies'}]"
42,Jan Wielemaker,"Researcher in Computer Science, VU University Amsterdam",7J1vJdEAAAAJ,5062,"[{'title': 'Logic programming', 'link': 'https://scholar.google.com/citations?view_op=search_authors&hl=en&mauthors=label:logic_programming', 'serpapi_link': 'https://serpapi.com/search.json?engine=google_scholar_profiles&hl=en&mauthors=label%3Alogic_programming'}, {'title': 'Semantic web', 'link': 'https://scholar.google.com/citations?view_op=search_authors&hl=en&mauthors=label:semantic_web', 'serpapi_link': 'https://serpapi.com/search.json?engine=google_scholar_profiles&hl=en&mauthors=label%3Asemantic_web'}]"
43,Flora Salim,"Professor, Cisco Chair of Digital Transport, Computer Science and Engineering, UNSW",Yz35RSYAAAAJ,3945,"[{'title': 'Machine Learning', 'link': 'https://scholar.google.com/citations?view_op=search_authors&hl=en&mauthors=label:machine_learning', 'serpapi_link': 'https://serpapi.com/search.json?engine=google_scholar_profiles&hl=en&mauthors=label%3Amachine_learning'}, {'title': 'Artificial Intelligence', 'link': 'https://scholar.google.com/citations?view_op=search_authors&hl=en&mauthors=label:artificial_intelligence', 'serpapi_link': 'https://serpapi.com/search.json?engine=google_scholar_profiles&hl=en&mauthors=label%3Aartificial_intelligence'}, {'title': 'Ubiquitous Computing', 'link': 'https://scholar.google.com/citations?view_op=search_authors&hl=en&mauthors=label:ubiquitous_computing', 'serpapi_link': 'https://serpapi.com/search.json?engine=google_scholar_profiles&hl=en&mauthors=label%3Aubiquitous_computing'}, {'title': 'Time Series', 'link': 'https://scholar.google.com/citations?view_op=search_authors&hl=en&mauthors=label:time_series', 'serpapi_link': 'https://serpapi.com/search.json?engine=google_scholar_profiles&hl=en&mauthors=label%3Atime_series'}, {'title': 'Mobility Data Science', 'link': 'https://scholar.google.com/citations?view_op=search_authors&hl=en&mauthors=label:mobility_data_science', 'serpapi_link': 'https://serpapi.com/search.json?engine=google_scholar_profiles&hl=en&mauthors=label%3Amobility_data_science'}]"
44,Shaoyang Fan,The University of Queensland,uF87D5kAAAAJ,80,"[{'title': 'Crowdsourcing', 'link': 'https://scholar.google.com/citations?view_op=search_authors&hl=en&mauthors=label:crowdsourcing', 'serpapi_link': 'https://serpapi.com/search.json?engine=google_scholar_profiles&hl=en&mauthors=label%3Acrowdsourcing'}, {'title': 'Human computation', 'link': 'https://scholar.google.com/citations?view_op=search_authors&hl=en&mauthors=label:human_computation', 'serpapi_link': 'https://serpapi.com/search.json?engine=google_scholar_profiles&hl=en&mauthors=label%3Ahuman_computation'}, {'title': 'Information Retrieval', 'link': 'https://scholar.google.com/citations?view_op=search_authors&hl=en&mauthors=label:information_retrieval', 'serpapi_link': 'https://serpapi.com/search.json?engine=google_scholar_profiles&hl=en&mauthors=label%3Ainformation_retrieval'}, {'title': 'Data Mining', 'link': 'https://scholar.google.com/citations?view_op=search_authors&hl=en&mauthors=label:data_mining', 'serpapi_link': 'https://serpapi.com/search.json?engine=google_scholar_profiles&hl=en&mauthors=label%3Adata_mining'}]"
45,Richard Gomer,University of Southampton,5ZTLglQAAAAJ,282,"[{'title': 'privacy', 'link': 'https://scholar.google.com/citations?view_op=search_authors&hl=en&mauthors=label:privacy', 'serpapi_link': 'https://serpapi.com/search.json?engine=google_scholar_profiles&hl=en&mauthors=label%3Aprivacy'}, {'title': 'consent', 'link': 'https://scholar.google.com/citations?view_op=search_authors&hl=en&mauthors=label:consent', 'serpapi_link': 'https://serpapi.com/search.json?engine=google_scholar_profiles&hl=en&mauthors=label%3Aconsent'}, {'title': 'interaction', 'link': 'https://scholar.google.com/citations?view_op=search_authors&hl=en&mauthors=label:interaction', 'serpapi_link': 'https://serpapi.com/search.json?engine=google_scholar_profiles&hl=en&mauthors=label%3Ainteraction'}, {'title': 'hci', 'link': 'https://scholar.google.com/citations?view_op=search_authors&hl=en&mauthors=label:hci', 'serpapi_link': 'https://serpapi.com/search.json?engine=google_scholar_profiles&hl=en&mauthors=label%3Ahci'}, {'title': 'web science', 'link': 'https://scholar.google.com/citations?view_op=search_authors&hl=en&mauthors=label:web_science', 'serpapi_link': 'https://serpapi.com/search.json?engine=google_scholar_profiles&hl=en&mauthors=label%3Aweb_science'}]"
46,Shazia Sadiq,The University of Queensland,1Jo0EmIAAAAJ,10235,"[{'title': 'Data Quality Management', 'link': 'https://scholar.google.com/citations?view_op=search_authors&hl=en&mauthors=label:data_quality_management', 'serpapi_link': 'https://serpapi.com/search.json?engine=google_scholar_profiles&hl=en&mauthors=label%3Adata_quality_management'}, {'title': 'Business Process Management', 'link': 'https://scholar.google.com/citations?view_op=search_authors&hl=en&mauthors=label:business_process_management', 'serpapi_link': 'https://serpapi.com/search.json?engine=google_scholar_profiles&hl=en&mauthors=label%3Abusiness_process_management'}, {'title': 'Governance Risk and Compliance in Information Systems', 'link': 'https://scholar.google.com/citations?view_op=search_authors&hl=en&mauthors=label:governance_risk_and_compliance_in_information_systems', 'serpapi_link': 'https://serpapi.com/search.json?engine=google_scholar_profiles&hl=en&mauthors=label%3Agovernance_risk_and_compliance_in_information_systems'}, {'title': 'Service Systems', 'link': 'https://scholar.google.com/citations?view_op=search_authors&hl=en&mauthors=label:service_systems', 'serpapi_link': 'https://serpapi.com/search.json?engine=google_scholar_profiles&hl=en&mauthors=label%3Aservice_systems'}]"
47,Mark Sanderson,"School of Computing Technologies, RMIT University",HmqvvQkAAAAJ,13364,"[{'title': 'Information Retrieval', 'link': 'https://scholar.google.com/citations?view_op=search_authors&hl=en&mauthors=label:information_retrieval', 'serpapi_link': 'https://serpapi.com/search.json?engine=google_scholar_profiles&hl=en&mauthors=label%3Ainformation_retrieval'}, {'title': 'Data Analysis', 'link': 'https://scholar.google.com/citations?view_op=search_authors&hl=en&mauthors=label:data_analysis', 'serpapi_link': 'https://serpapi.com/search.json?engine=google_scholar_profiles&hl=en&mauthors=label%3Adata_analysis'}, {'title': 'Recommender Systems', 'link': 'https://scholar.google.com/citations?view_op=search_authors&hl=en&mauthors=label:recommender_systems', 'serpapi_link': 'https://serpapi.com/search.json?engine=google_scholar_profiles&hl=en&mauthors=label%3Arecommender_systems'}]"
48,Paolo Coppola,"Associate Professor of Computer Science, University of Udine",P15-SKkAAAAJ,533,"[{'title': 'Type theory', 'link': 'https://scholar.google.com/citations?view_op=search_authors&hl=en&mauthors=label:type_theory', 'serpapi_link': 'https://serpapi.com/search.json?engine=google_scholar_profiles&hl=en&mauthors=label%3Atype_theory'}, {'title': 'lambda calculus', 'link': 'https://scholar.google.com/citations?view_op=search_authors&hl=en&mauthors=label:lambda_calculus', 'serpapi_link': 'https://serpapi.com/search.json?engine=google_scholar_profiles&hl=en&mauthors=label%3Alambda_calculus'}, {'title': 'computational complexity', 'link': 'https://scholar.google.com/citations?view_op=search_authors&hl=en&mauthors=label:computational_complexity', 'serpapi_link': 'https://serpapi.com/search.json?engine=google_scholar_profiles&hl=en&mauthors=label%3Acomputational_complexity'}, {'title': 'context aware computing', 'link': 'https://scholar.google.com/citations?view_op=search_authors&hl=en&mauthors=label:context_aware_computing', 'serpapi_link': 'https://serpapi.com/search.json?engine=google_scholar_profiles&hl=en&mauthors=label%3Acontext_aware_computing'}, {'title': 'mobile computing', 'link': 'https://scholar.google.com/citations?view_op=search_authors&hl=en&mauthors=label:mobile_computing', 'serpapi_link': 'https://serpapi.com/search.json?engine=google_scholar_profiles&hl=en&mauthors=label%3Amobile_computing'}]"
49,Raquel Martinez,"Full Professor of Computer Science, UNED University",m0-0QxgAAAAJ,1195,"[{'title': 'Natural Language Processing', 'link': 'https://scholar.google.com/citations?view_op=search_authors&hl=en&mauthors=label:natural_language_processing', 'serpapi_link': 'https://serpapi.com/search.json?engine=google_scholar_profiles&hl=en&mauthors=label%3Anatural_language_processing'}, {'title': 'Document Clustering', 'link': 'https://scholar.google.com/citations?view_op=search_authors&hl=en&mauthors=label:document_clustering', 'serpapi_link': 'https://serpapi.com/search.json?engine=google_scholar_profiles&hl=en&mauthors=label%3Adocument_clustering'}, {'title': 'Multilinguality', 'link': 'https://scholar.google.com/citations?view_op=search_authors&hl=en&mauthors=label:multilinguality', 'serpapi_link': 'https://serpapi.com/search.json?engine=google_scholar_profiles&hl=en&mauthors=label%3Amultilinguality'}, {'title': 'Person name desambiguation', 'link': 'https://scholar.google.com/citations?view_op=search_authors&hl=en&mauthors=label:person_name_desambiguation', 'serpapi_link': 'https://serpapi.com/search.json?engine=google_scholar_profiles&hl=en&mauthors=label%3Aperson_name_desambiguation'}, {'title': 'Document representation', 'link': 'https://scholar.google.com/citations?view_op=search_authors&hl=en&mauthors=label:document_representation', 'serpapi_link': 'https://serpapi.com/search.json?engine=google_scholar_profiles&hl=en&mauthors=label%3Adocument_representation'}]"
50,Jonathon Hare,"Professor of Machine Learning and Computer Vision, University of Southampton, United Kingdom",UFeON5oAAAAJ,4506,"[{'title': 'Deep Learning', 'link': 'https://scholar.google.com/citations?view_op=search_authors&hl=en&mauthors=label:deep_learning', 'serpapi_link': 'https://serpapi.com/search.json?engine=google_scholar_profiles&hl=en&mauthors=label%3Adeep_learning'}, {'title': 'Representation Learning', 'link': 'https://scholar.google.com/citations?view_op=search_authors&hl=en&mauthors=label:representation_learning', 'serpapi_link': 'https://serpapi.com/search.json?engine=google_scholar_profiles&hl=en&mauthors=label%3Arepresentation_learning'}, {'title': 'Machine Learning', 'link': 'https://scholar.google.com/citations?view_op=search_authors&hl=en&mauthors=label:machine_learning', 'serpapi_link': 'https://serpapi.com/search.json?engine=google_scholar_profiles&hl=en&mauthors=label%3Amachine_learning'}, {'title': 'Computer Vision', 'link': 'https://scholar.google.com/citations?view_op=search_authors&hl=en&mauthors=label:computer_vision', 'serpapi_link': 'https://serpapi.com/search.json?engine=google_scholar_profiles&hl=en&mauthors=label%3Acomputer_vision'}]"
51,Carlo Tasso,Full Professor in Computer Science,ITxRmxIAAAAJ,3642,"[{'title': 'Artificial Intelligence', 'link': 'https://scholar.google.com/citations?view_op=search_authors&hl=en&mauthors=label:artificial_intelligence', 'serpapi_link': 'https://serpapi.com/search.json?engine=google_scholar_profiles&hl=en&mauthors=label%3Aartificial_intelligence'}, {'title': 'Web Intelligence', 'link': 'https://scholar.google.com/citations?view_op=search_authors&hl=en&mauthors=label:web_intelligence', 'serpapi_link': 'https://serpapi.com/search.json?engine=google_scholar_profiles&hl=en&mauthors=label%3Aweb_intelligence'}, {'title': 'Semantic Web', 'link': 'https://scholar.google.com/citations?view_op=search_authors&hl=en&mauthors=label:semantic_web', 'serpapi_link': 'https://serpapi.com/search.json?engine=google_scholar_profiles&hl=en&mauthors=label%3Asemantic_web'}]"
52,Joel Mackenzie,The University of Queensland,3jQ1Zh4AAAAJ,640,"[{'title': 'Information Retrieval', 'link': 'https://scholar.google.com/citations?view_op=search_authors&hl=en&mauthors=label:information_retrieval', 'serpapi_link': 'https://serpapi.com/search.json?engine=google_scholar_profiles&hl=en&mauthors=label%3Ainformation_retrieval'}, {'title': 'Web Search', 'link': 'https://scholar.google.com/citations?view_op=search_authors&hl=en&mauthors=label:web_search', 'serpapi_link': 'https://serpapi.com/search.json?engine=google_scholar_profiles&hl=en&mauthors=label%3Aweb_search'}, {'title': 'Algorithms', 'link': 'https://scholar.google.com/citations?view_op=search_authors&hl=en&mauthors=label:algorithms', 'serpapi_link': 'https://serpapi.com/search.json?engine=google_scholar_profiles&hl=en&mauthors=label%3Aalgorithms'}, {'title': 'Information Systems', 'link': 'https://scholar.google.com/citations?view_op=search_authors&hl=en&mauthors=label:information_systems', 'serpapi_link': 'https://serpapi.com/search.json?engine=google_scholar_profiles&hl=en&mauthors=label%3Ainformation_systems'}]"
53,Djellel Difallah,"Assistant Professor, Computer Science, NYU Abu Dhabi",K5d-OHEAAAAJ,3092,"[{'title': 'Crowdsourcing systems', 'link': 'https://scholar.google.com/citations?view_op=search_authors&hl=en&mauthors=label:crowdsourcing_systems', 'serpapi_link': 'https://serpapi.com/search.json?engine=google_scholar_profiles&hl=en&mauthors=label%3Acrowdsourcing_systems'}, {'title': 'Data science', 'link': 'https://scholar.google.com/citations?view_op=search_authors&hl=en&mauthors=label:data_science', 'serpapi_link': 'https://serpapi.com/search.json?engine=google_scholar_profiles&hl=en&mauthors=label%3Adata_science'}, {'title': 'Big Data systems', 'link': 'https://scholar.google.com/citations?view_op=search_authors&hl=en&mauthors=label:big_data_systems', 'serpapi_link': 'https://serpapi.com/search.json?engine=google_scholar_profiles&hl=en&mauthors=label%3Abig_data_systems'}]"
54,Carlo Alberto Beltrami,"Professore, Università di Udine",EZrMWWMAAAAJ,18394,"[{'title': 'cellule staminali', 'link': 'https://scholar.google.com/citations?view_op=search_authors&hl=en&mauthors=label:cellule_staminali', 'serpapi_link': 'https://serpapi.com/search.json?engine=google_scholar_profiles&hl=en&mauthors=label%3Acellule_staminali'}]"
55,Beatrice Portelli,University of Udine,HQZd6wsAAAAJ,144,[]
56,Rishabh Mehrotra,"Director - Machine Learning, ShareChat",X9BKWWoAAAAJ,2268,"[{'title': 'Machine Learning', 'link': 'https://scholar.google.com/citations?view_op=search_authors&hl=en&mauthors=label:machine_learning', 'serpapi_link': 'https://serpapi.com/search.json?engine=google_scholar_profiles&hl=en&mauthors=label%3Amachine_learning'}, {'title': 'Recommender Systems', 'link': 'https://scholar.google.com/citations?view_op=search_authors&hl=en&mauthors=label:recommender_systems', 'serpapi_link': 'https://serpapi.com/search.json?engine=google_scholar_profiles&hl=en&mauthors=label%3Arecommender_systems'}, {'title': 'Marketplace', 'link': 'https://scholar.google.com/citations?view_op=search_authors&hl=en&mauthors=label:marketplace', 'serpapi_link': 'https://serpapi.com/search.json?engine=google_scholar_profiles&hl=en&mauthors=label%3Amarketplace'}]"
57,Mounia Lalmas,Spotify,wAr9G5sAAAAJ,10828,"[{'title': 'Personalization.', 'link': 'https://scholar.google.com/citations?view_op=search_authors&hl=en&mauthors=label:personalization', 'serpapi_link': 'https://serpapi.com/search.json?engine=google_scholar_profiles&hl=en&mauthors=label%3Apersonalization'}]"
58,Marco Basaldella,Amazon,SRvx2QoAAAAJ,518,[]
59,W. Bruce Croft,"Distinguished Professor Emeritus, University of Massachusetts Amherst",ArV74ZMAAAAJ,64186,"[{'title': 'Information Retrieval', 'link': 'https://scholar.google.com/citations?view_op=search_authors&hl=en&mauthors=label:information_retrieval', 'serpapi_link': 'https://serpapi.com/search.json?engine=google_scholar_profiles&hl=en&mauthors=label%3Ainformation_retrieval'}]"
60,Lawrence Cavedon,"School of Computing Technologies, RMIT University",ZAEiiEUAAAAJ,5897,"[{'title': 'Data Science', 'link': 'https://scholar.google.com/citations?view_op=search_authors&hl=en&mauthors=label:data_science', 'serpapi_link': 'https://serpapi.com/search.json?engine=google_scholar_profiles&hl=en&mauthors=label%3Adata_science'}, {'title': 'artificial intelligence', 'link': 'https://scholar.google.com/citations?view_op=search_authors&hl=en&mauthors=label:artificial_intelligence', 'serpapi_link': 'https://serpapi.com/search.json?engine=google_scholar_profiles&hl=en&mauthors=label%3Aartificial_intelligence'}, {'title': 'spoken dialogue', 'link': 'https://scholar.google.com/citations?view_op=search_authors&hl=en&mauthors=label:spoken_dialogue', 'serpapi_link': 'https://serpapi.com/search.json?engine=google_scholar_profiles&hl=en&mauthors=label%3Aspoken_dialogue'}, {'title': 'biomedical text mining', 'link': 'https://scholar.google.com/citations?view_op=search_authors&hl=en&mauthors=label:biomedical_text_mining', 'serpapi_link': 'https://serpapi.com/search.json?engine=google_scholar_profiles&hl=en&mauthors=label%3Abiomedical_text_mining'}]"
61,Elena Simperl,"Professor of computer science, King's College London, United Kingdom",xB7s3wgAAAAJ,7002,"[{'title': 'knowledge graphs', 'link': 'https://scholar.google.com/citations?view_op=search_authors&hl=en&mauthors=label:knowledge_graphs', 'serpapi_link': 'https://serpapi.com/search.json?engine=google_scholar_profiles&hl=en&mauthors=label%3Aknowledge_graphs'}, {'title': 'knowledge engineering', 'link': 'https://scholar.google.com/citations?view_op=search_authors&hl=en&mauthors=label:knowledge_engineering', 'serpapi_link': 'https://serpapi.com/search.json?engine=google_scholar_profiles&hl=en&mauthors=label%3Aknowledge_engineering'}, {'title': 'open data', 'link': 'https://scholar.google.com/citations?view_op=search_authors&hl=en&mauthors=label:open_data', 'serpapi_link': 'https://serpapi.com/search.json?engine=google_scholar_profiles&hl=en&mauthors=label%3Aopen_data'}, {'title': 'social computing', 'link': 'https://scholar.google.com/citations?view_op=search_authors&hl=en&mauthors=label:social_computing', 'serpapi_link': 'https://serpapi.com/search.json?engine=google_scholar_profiles&hl=en&mauthors=label%3Asocial_computing'}, {'title': 'human computation', 'link': 'https://scholar.google.com/citations?view_op=search_authors&hl=en&mauthors=label:human_computation', 'serpapi_link': 'https://serpapi.com/search.json?engine=google_scholar_profiles&hl=en&mauthors=label%3Ahuman_computation'}]"
62,Ryen W. White,"General Manager, Deputy Lab Director, Microsoft Research",U69fiZMAAAAJ,20328,"[{'title': 'Information Retrieval', 'link': 'https://scholar.google.com/citations?view_op=search_authors&hl=en&mauthors=label:information_retrieval', 'serpapi_link': 'https://serpapi.com/search.json?engine=google_scholar_profiles&hl=en&mauthors=label%3Ainformation_retrieval'}, {'title': 'Human-Computer Interaction', 'link': 'https://scholar.google.com/citations?view_op=search_authors&hl=en&mauthors=label:human_computer_interaction', 'serpapi_link': 'https://serpapi.com/search.json?engine=google_scholar_profiles&hl=en&mauthors=label%3Ahuman_computer_interaction'}, {'title': 'Artificial Intelligence', 'link': 'https://scholar.google.com/citations?view_op=search_authors&hl=en&mauthors=label:artificial_intelligence', 'serpapi_link': 'https://serpapi.com/search.json?engine=google_scholar_profiles&hl=en&mauthors=label%3Aartificial_intelligence'}, {'title': 'Psychology', 'link': 'https://scholar.google.com/citations?view_op=search_authors&hl=en&mauthors=label:psychology', 'serpapi_link': 'https://serpapi.com/search.json?engine=google_scholar_profiles&hl=en&mauthors=label%3Apsychology'}, {'title': 'Health', 'link': 'https://scholar.google.com/citations?view_op=search_authors&hl=en&mauthors=label:health', 'serpapi_link': 'https://serpapi.com/search.json?engine=google_scholar_profiles&hl=en&mauthors=label%3Ahealth'}]"
63,Cristina Sarasua,University of Zurich,i_2lvZwAAAAJ,769,"[{'title': 'CSCW', 'link': 'https://scholar.google.com/citations?view_op=search_authors&hl=en&mauthors=label:cscw', 'serpapi_link': 'https://serpapi.com/search.json?engine=google_scholar_profiles&hl=en&mauthors=label%3Acscw'}, {'title': 'Digital Democracy', 'link': 'https://scholar.google.com/citations?view_op=search_authors&hl=en&mauthors=label:digital_democracy', 'serpapi_link': 'https://serpapi.com/search.json?engine=google_scholar_profiles&hl=en&mauthors=label%3Adigital_democracy'}, {'title': 'Civic Technology', 'link': 'https://scholar.google.com/citations?view_op=search_authors&hl=en&mauthors=label:civic_technology', 'serpapi_link': 'https://serpapi.com/search.json?engine=google_scholar_profiles&hl=en&mauthors=label%3Acivic_technology'}, {'title': 'Data Analytics', 'link': 'https://scholar.google.com/citations?view_op=search_authors&hl=en&mauthors=label:data_analytics', 'serpapi_link': 'https://serpapi.com/search.json?engine=google_scholar_profiles&hl=en&mauthors=label%3Adata_analytics'}, {'title': 'Knowledge Graphs', 'link': 'https://scholar.google.com/citations?view_op=search_authors&hl=en&mauthors=label:knowledge_graphs', 'serpapi_link': 'https://serpapi.com/search.json?engine=google_scholar_profiles&hl=en&mauthors=label%3Aknowledge_graphs'}]"
64,Claudiu S. Firan,Unknown affiliation,SRc8aowAAAAJ,1742,[]
65,Giorgio Brajnik,"Associate Professor of User Centered Development, Computer science, University of Udine, Italy",a-qHaRIAAAAJ,3585,"[{'title': 'Usability', 'link': 'https://scholar.google.com/citations?view_op=search_authors&hl=en&mauthors=label:usability', 'serpapi_link': 'https://serpapi.com/search.json?engine=google_scholar_profiles&hl=en&mauthors=label%3Ausability'}, {'title': 'Accessibility', 'link': 'https://scholar.google.com/citations?view_op=search_authors&hl=en&mauthors=label:accessibility', 'serpapi_link': 'https://serpapi.com/search.json?engine=google_scholar_profiles&hl=en&mauthors=label%3Aaccessibility'}, {'title': 'Use Experience', 'link': 'https://scholar.google.com/citations?view_op=search_authors&hl=en&mauthors=label:use_experience', 'serpapi_link': 'https://serpapi.com/search.json?engine=google_scholar_profiles&hl=en&mauthors=label%3Ause_experience'}, {'title': 'Model-based Engineering of User Interfaces', 'link': 'https://scholar.google.com/citations?view_op=search_authors&hl=en&mauthors=label:model_based_engineering_of_user_interfaces', 'serpapi_link': 'https://serpapi.com/search.json?engine=google_scholar_profiles&hl=en&mauthors=label%3Amodel_based_engineering_of_user_interfaces'}]"
66,Pavlos Vougiouklis,Huawei Technologies,9J7YeR0AAAAJ,581,[]
67,Maarten de Rijke,University of Amsterdam & ICAI,AVDkgFIAAAAJ,36775,"[{'title': 'Information retrieval', 'link': 'https://scholar.google.com/citations?view_op=search_authors&hl=en&mauthors=label:information_retrieval', 'serpapi_link': 'https://serpapi.com/search.json?engine=google_scholar_profiles&hl=en&mauthors=label%3Ainformation_retrieval'}]"
68,Johanne R. Trippas,"Vice-Chancellor's Research Fellow, School of Computing Technologies, RMIT University",x483lssAAAAJ,976,"[{'title': 'Information Retrieval', 'link': 'https://scholar.google.com/citations?view_op=search_authors&hl=en&mauthors=label:information_retrieval', 'serpapi_link': 'https://serpapi.com/search.json?engine=google_scholar_profiles&hl=en&mauthors=label%3Ainformation_retrieval'}, {'title': 'Conversational Interfaces', 'link': 'https://scholar.google.com/citations?view_op=search_authors&hl=en&mauthors=label:conversational_interfaces', 'serpapi_link': 'https://serpapi.com/search.json?engine=google_scholar_profiles&hl=en&mauthors=label%3Aconversational_interfaces'}, {'title': 'Spoken Interaction Design', 'link': 'https://scholar.google.com/citations?view_op=search_authors&hl=en&mauthors=label:spoken_interaction_design', 'serpapi_link': 'https://serpapi.com/search.json?engine=google_scholar_profiles&hl=en&mauthors=label%3Aspoken_interaction_design'}, {'title': 'Conversational Search', 'link': 'https://scholar.google.com/citations?view_op=search_authors&hl=en&mauthors=label:conversational_search', 'serpapi_link': 'https://serpapi.com/search.json?engine=google_scholar_profiles&hl=en&mauthors=label%3Aconversational_search'}, {'title': 'Human Computer Interaction', 'link': 'https://scholar.google.com/citations?view_op=search_authors&hl=en&mauthors=label:human_computer_interaction', 'serpapi_link': 'https://serpapi.com/search.json?engine=google_scholar_profiles&hl=en&mauthors=label%3Ahuman_computer_interaction'}]"
